parameter,reps,inv_mean,inv_amoe,inv_rmoe,serv_mean,serv_amoe,serv_rmoe,sdsl_mean,sdsl_amoe,sdsl_rmoe
16,400,16.5019475,0.025837607930672,0.00156573082847779,0.88602825,0.000373446615252916,0.00042148386945102,0.07761775,0.000407137327013096,0.00524541521769306
16,410,11.9282682926829,0.00943194371623246,0.000790721962719285,0.878553414634146,0.000417360153964449,0.000475053818029094,0.0948326829268293,0.000261557935517676,0.00275809907982344
