parameter,reps,inv_mean,inv_amoe,inv_rmoe,serv_mean,serv_amoe,serv_rmoe,sdsl_mean,sdsl_amoe,sdsl_rmoe
16,400,16.0531015,0.0364833868425802,0.00227266904420807,0.90840825,0.000396268338272873,0.000436222742663195,0.059485,0.000308551523747684,0.00518704755396628
16,400,12.8662565,0.0165539188258934,0.0012866150170326,0.92125025,0.000403171002109657,0.000437634618942743,0.05812475,0.000329925368107778,0.00567615977888555
