parameter,reps,inv_mean,inv_amoe,inv_rmoe,serv_mean,serv_amoe,serv_rmoe,sdsl_mean,sdsl_amoe,sdsl_rmoe
16,400,10.256011,0.0195693413884438,0.00190808506235454,0.75160475,0.000401669113577027,0.00053441534739772,0.1550015,0.000344307301673904,0.00222131593354841
16,400,8.51682225,0.016145698036357,0.00189574204585014,0.76203825,0.000363040999842534,0.000476407844150256,0.15666325,0.000326242576074705,0.00208244483677381
